Id,Name,BreadcrumbName,Breadcrumb Ids,Url,Url Key,Image,meta_title,meta_description,meta_keywords
365,MEN,MEN,365,men,men,,,,
366,CLOTHING,MEN > CLOTHING,365 > 366,men/clothing,clothing,,,,
367,SOCKS & UNDERWEAR,MEN > CLOTHING > SOCKS & UNDERWEAR,365 > 366 > 367,men/clothing/socks-underwear,socks-underwear,,,,
368,SALE,SALE,368,sale,sale,,,,
369,MEN,SALE > MEN,368 > 369,sale/men,men,,,,
370,CLOTHING,SALE > MEN > CLOTHING,368 > 369 > 370,sale/men/clothing,clothing,,,,
373,CLOTHING,SALE > CLOTHING,368 > 373,sale/clothing,clothing,,,,
374,WOMEN,WOMEN,374,women,women,,,,
377,COLLECTION,COLLECTION,377,collection,collection,,,,
378,CLOTHING,COLLECTION > CLOTHING,377 > 378,collection/clothing,clothing,,,,
379,SKIRTS,COLLECTION > CLOTHING > SKIRTS,377 > 378 > 379,collection/clothing/skirts,skirts,,,,
380,ESSENTIALS,COLLECTION > CLOTHING > ESSENTIALS,377 > 378 > 380,collection/clothing/essentials,essentials,,,,
381,PANTS,COLLECTION > CLOTHING > PANTS,377 > 378 > 381,collection/clothing/pants,pants,,,,
385,SHIRTS,MEN > CLOTHING > SHIRTS,365 > 366 > 385,men/clothing/shirts,shirts,,,,
386,CASUAL,MEN > CLOTHING > SHIRTS > CASUAL,365 > 366 > 385 > 386,men/clothing/shirts/casual,casual,,,,
387,DRESS,MEN > CLOTHING > SHIRTS > DRESS,365 > 366 > 385 > 387,men/clothing/shirts/dress,dress,,,,
389,ACCESSORIES,WOMEN > ACCESSORIES,374 > 389,women/accessories,accessories,,,,
390,ACCESSORIES,ACCESSORIES,390,view-all-accessories,view-all-accessories,,,,
391,"HATS, GLOVES & SCARVES","WOMEN > ACCESSORIES > HATS, GLOVES & SCARVES",374 > 389 > 391,women/accessories/hats-gloves-scarves,hats-gloves-scarves,,,,
393,BELTS,WOMEN > ACCESSORIES > BELTS,374 > 389 > 393,women/accessories/belts,belts,,,,
395,ACCESSORIES,MEN > ACCESSORIES,365 > 395,men/accessories,accessories,,,,
396,BELTS,MEN > ACCESSORIES > BELTS,365 > 395 > 396,men/accessories/belts,belts,,,,
397,HANDBAGS,HANDBAGS,397,handbags,handbags,,,,
398,SATCHELS,HANDBAGS > SATCHELS,397 > 398,handbags/satchels,satchels,,,,
399,HANDBAGS,WOMEN > HANDBAGS,374 > 399,women/handbags,handbags,,,,
400,SATCHELS,WOMEN > HANDBAGS > SATCHELS,374 > 399 > 400,women/handbags/satchels,satchels,,,,
401,TOTES,WOMEN > HANDBAGS > TOTES,374 > 399 > 401,women/handbags/totes,totes,,,,
403,TOTES,HANDBAGS > TOTES,397 > 403,handbags/totes,totes,,,,
404,SHOULDER BAGS,WOMEN > HANDBAGS > SHOULDER BAGS,374 > 399 > 404,women/handbags/shoulder-bags,shoulder-bags,,,,
405,SHOULDER BAGS,HANDBAGS > SHOULDER BAGS,397 > 405,handbags/shoulder-bags,shoulder-bags,,,,
408,CROSSBODIES,HANDBAGS > CROSSBODIES,397 > 408,handbags/crossbodies,crossbodies,,,,
409,CROSSBODIES,WOMEN > HANDBAGS > CROSSBODIES,374 > 399 > 409,women/handbags/crossbodies,crossbodies,,,,
412,TRAVEL,WOMEN > HANDBAGS > TRAVEL,374 > 399 > 412,women/handbags/travel,travel,,,,
413,GIFTS,GIFTS,413,gifts,gifts,,,,
414,GIFT SERVICES,GIFTS > GIFT SERVICES,413 > 414,gifts/gift-services,gift-services,,,,
415,MONOGRAM FOR HER,GIFTS > GIFT SERVICES > MONOGRAM FOR HER,413 > 414 > 415,gifts/gift-services/monogram-for-her,monogram-for-her,,,,
416,TRAVEL,HANDBAGS > TRAVEL,397 > 416,handbags/travel,travel,,,,
417,CLUTCHES & WRISTLETS,WOMEN > HANDBAGS > CLUTCHES & WRISTLETS,374 > 399 > 417,women/handbags/clutches-wristlets,clutches-wristlets,,,,
418,CLUTCHES & WRISTLETS,HANDBAGS > CLUTCHES & WRISTLETS,397 > 418,handbags/clutches-wristlets,clutches-wristlets,,,,
419,A HAUTE HALLOWEEN,WOMEN > A HAUTE HALLOWEEN,374 > 419,women/a-haute-halloween,a-haute-halloween,,,,
420,NEW ARRIVALS,WOMEN > HANDBAGS > NEW ARRIVALS,374 > 399 > 420,women/handbags/new-arrivals,new-arrivals,,,,
421,NEW ARRIVALS,HANDBAGS > NEW ARRIVALS,397 > 421,handbags/new-arrivals,new-arrivals,,,,
423,"BACKPACKS, DUFFELS & LUGGAGE","HANDBAGS > BACKPACKS, DUFFELS & LUGGAGE",397 > 423,handbags/backpacks-duffels-luggage,backpacks-duffels-luggage,,,,
424,"BACKPACKS, DUFFELS & LUGGAGE","WOMEN > HANDBAGS > BACKPACKS, DUFFELS & LUGGAGE",374 > 399 > 424,women/handbags/backpacks-duffels-luggage,backpacks-duffels-luggage,,,,
425,GIFTS UNDER $250,GIFTS > GIFTS UNDER $250,413 > 425,gifts/gifts-under-250,gifts-under-250,,,,
426,FOR HER,GIFTS > GIFTS UNDER $250 > FOR HER,413 > 425 > 426,gifts/gifts-under-250/for-her,for-her,,,,
427,FOR HER,GIFTS > FOR HER,413 > 427,gifts/for-her,for-her,,,,
428,UNDER $250,GIFTS > FOR HER > UNDER $250,413 > 427 > 428,gifts/for-her/under-250,under-250,,,,
429,LUXE GIFTS,GIFTS > FOR HER > LUXE GIFTS,413 > 427 > 429,gifts/for-her/luxe-gifts,luxe-gifts,,,,
430,LUXE GIFTS,GIFTS > LUXE GIFTS,413 > 430,gifts/luxe-gifts,luxe-gifts,,,,
431,FOR HER,GIFTS > LUXE GIFTS > FOR HER,413 > 430 > 431,gifts/luxe-gifts/for-her,for-her,,,,
433,FOR HIM,GIFTS > LUXE GIFTS > FOR HIM,413 > 430 > 433,gifts/luxe-gifts/for-him,for-him,,,,
436,BAG ACCESSORIES,BAG ACCESSORIES,,bag-accessories,bag-accessories,,,,
437,STRAPS,BAG ACCESSORIES > STRAPS,436 > 437,bag-accessories/straps,straps,,,,
438,BAG STRAPS,HANDBAGS > BAG STRAPS,397 > 438,handbags/bag-straps,bag-straps,,,,
439,BAG ACCESSORIES,WOMEN > ACCESSORIES > BAG ACCESSORIES,374 > 389 > 439,women/accessories/bag-accessories,bag-accessories,,,,
440,UNDER $100,GIFTS > FOR HER > UNDER $100,413 > 427 > 440,gifts/for-her/under-100,under-100,,,,
441,GIFTS UNDER $100,GIFTS > GIFTS UNDER $100,413 > 441,gifts/gifts-under-100,gifts-under-100,,,,
442,FOR HER,GIFTS > GIFTS UNDER $100 > FOR HER,413 > 441 > 442,gifts/gifts-under-100/for-her,for-her,,,,
447,HANDBAGS,COLLECTION > HANDBAGS,377 > 447,collection/handbags,handbags,,,,
448,SATCHELS,COLLECTION > HANDBAGS > SATCHELS,377 > 447 > 448,collection/handbags/satchels,satchels,,,,
449,TOTES,COLLECTION > HANDBAGS > TOTES,377 > 447 > 449,collection/handbags/totes,totes,,,,
450,CLUTCHES,COLLECTION > HANDBAGS > CLUTCHES,377 > 447 > 450,collection/handbags/clutches,clutches,,,,
451,CROSSBODIES,COLLECTION > HANDBAGS > CROSSBODIES,377 > 447 > 451,collection/handbags/crossbodies,crossbodies,,,,
452,SHOULDER BAGS,COLLECTION > HANDBAGS > SHOULDER BAGS,377 > 447 > 452,collection/handbags/shoulder-bags,shoulder-bags,,,,
457,WALLETS,HANDBAGS > WALLETS,397 > 457,handbags/wallets,wallets,,,,
458,WALLETS,SALE > WALLETS,368 > 458,sale/wallets,wallets,,,,
459,WALLETS & PHONE CASES,WALLETS & PHONE CASES,459,wallets-phone-cases,wallets-phone-cases1,,,,
460,WALLETS & WRISTLETS,WALLETS & PHONE CASES > WALLETS & WRISTLETS,459 > 460,wallets-phone-cases/wallets-wristlets,wallets-wristlets,,,,
461,WALLETS,WOMEN > ACCESSORIES > WALLETS,374 > 389 > 461,women/accessories/wallets,wallets,,,,
462,WALLETS,WOMEN > HANDBAGS > WALLETS,374 > 399 > 462,women/handbags/wallets,wallets,,,,
464,SMARTPHONE CASES & WRISTLETS,WOMEN > ACCESSORIES > SMARTPHONE CASES & WRISTLETS,374 > 389 > 464,women/accessories/smartphone-cases-wristlets,smartphone-cases-wristlets,,,,
465,SMARTPHONE CASES & WRISTLETS,WOMEN > HANDBAGS > SMARTPHONE CASES & WRISTLETS,374 > 399 > 465,women/handbags/smartphone-cases-wristlets,smartphone-cases-wristlets,,,,
466,PHONE CASES & COVERS,WALLETS & PHONE CASES > PHONE CASES & COVERS,459 > 466,wallets-phone-cases/phone-cases-covers,phone-cases-covers,,,,
467,JEWELRY & ACCESSORIES,SALE > JEWELRY & ACCESSORIES,368 > 467,sale/jewelry-accessories,jewelry-accessories,,,,
470,CARD CASES & COIN PURSES,WALLETS & PHONE CASES > CARD CASES & COIN PURSES,459 > 470,wallets-phone-cases/card-cases-coin-purses,card-cases-coin-purses,,,,
471,"KEY CHAINS, CHARMS & STICKERS","WOMEN > HANDBAGS > KEY CHAINS, CHARMS & STICKERS",374 > 399 > 471,women/handbags/key-chains-charms-stickers,key-chains-charms-stickers,,,,
472,KEY CHAINS & CHARMS,BAG ACCESSORIES > KEY CHAINS & CHARMS,436 > 472,bag-accessories/key-chains-charms,key-chains-charms,,,,
474,"KEY CHAINS, CHARMS & STICKERS","WOMEN > ACCESSORIES > KEY CHAINS, CHARMS & STICKERS",374 > 389 > 474,women/accessories/key-chains-charms-stickers,key-chains-charms-stickers,,,,
475,"KEY CHAINS, CHARMS & STICKERS","HANDBAGS > KEY CHAINS, CHARMS & STICKERS",397 > 475,handbags/key-chains-charms-stickers,key-chains-charms-stickers,,,,
476,STICKERS,BAG ACCESSORIES > STICKERS,436 > 476,bag-accessories/stickers,stickers,,,,
477,SINGLES DAY,WOMEN > SINGLES DAY,374 > 477,women/singles-day,singles-day,,,,
478,"HATS, SCARVES, & GLOVES","MEN > ACCESSORIES > HATS, SCARVES, & GLOVES",365 > 395 > 478,men/accessories/hats-scarves-gloves,hats-scarves-gloves,,,,
479,TOPS,COLLECTION > CLOTHING > TOPS,377 > 378 > 479,collection/clothing/tops,tops,,,,
480,ACCESSORIES,SALE > MEN > ACCESSORIES,368 > 369 > 480,sale/men/accessories,accessories,,,,
481,BAGS,MEN > BAGS,365 > 481,men/bags,bags,,,,
482,MESSENGERS,MEN > BAGS > MESSENGERS,365 > 481 > 482,men/bags/messengers,messengers,,,,
483,BAGS & WALLETS,SALE > MEN > BAGS & WALLETS,368 > 369 > 483,sale/men/bags-wallets,bags-wallets,,,,
484,DUFFELS & LUGGAGE,MEN > BAGS > DUFFELS & LUGGAGE,365 > 481 > 484,men/bags/duffels-luggage,duffels-luggage,,,,
485,TOTES,MEN > BAGS > TOTES,365 > 481 > 485,men/bags/totes,totes,,,,
486,BRIEFCASES,MEN > BAGS > BRIEFCASES,365 > 481 > 486,men/bags/briefcases,briefcases,,,,
488,MONOGRAM FOR HIM,GIFTS > GIFT SERVICES > MONOGRAM FOR HIM,413 > 414 > 488,gifts/gift-services/monogram-for-him,monogram-for-him,,,,
489,FOR HIM,GIFTS > FOR HIM,413 > 489,gifts/for-him,for-him,,,,
490,BACKPACKS,MEN > BAGS > BACKPACKS,365 > 481 > 490,men/bags/backpacks,backpacks,,,,
491,UNDER $250,GIFTS > FOR HIM > UNDER $250,413 > 489 > 491,gifts/for-him/under-250,under-250,,,,
493,LUXE GIFTS,GIFTS > FOR HIM > LUXE GIFTS,413 > 489 > 493,gifts/for-him/luxe-gifts,luxe-gifts,,,,
494,FOR HIM,GIFTS > GIFTS UNDER $250 > FOR HIM,413 > 425 > 494,gifts/gifts-under-250/for-him,for-him,,,,
495,SCARVES,BAG ACCESSORIES > SCARVES,436 > 495,bag-accessories/scarves,scarves,,,,
496,WALLETS,COLLECTION > HANDBAGS > WALLETS,377 > 447 > 496,collection/handbags/wallets,wallets,,,,
497,WALLETS,MEN > WALLETS,365 > 497,men/wallets,wallets,,,,
498,CARD CASES,MEN > WALLETS > CARD CASES,365 > 497 > 498,men/wallets/card-cases,card-cases,,,,
499,BILLFOLDS,MEN > WALLETS > BILLFOLDS,365 > 497 > 499,men/wallets/billfolds,billfolds,,,,
500,SMARTPHONE & TABLET CASES,MEN > ACCESSORIES > SMARTPHONE & TABLET CASES,365 > 395 > 500,men/accessories/smartphone-tablet-cases,smartphone-tablet-cases,,,,
501,GIFT SETS,GIFTS > FOR HIM > GIFT SETS,413 > 489 > 501,gifts/for-him/gift-sets,gift-sets,,,,
502,GIFT SETS,MEN > WALLETS > GIFT SETS,365 > 497 > 502,men/wallets/gift-sets,gift-sets,,,,
503,GIFT SETS,GIFTS > GIFT SETS,413 > 503,gifts/gift-sets,gift-sets,,,,
504,FOR HIM,GIFTS > GIFT SETS > FOR HIM,413 > 503 > 504,gifts/gift-sets/for-him,for-him,,,,
505,UNDER $100,GIFTS > FOR HIM > UNDER $100,413 > 489 > 505,gifts/for-him/under-100,under-100,,,,
507,FOR HIM,GIFTS > GIFTS UNDER $100 > FOR HIM,413 > 441 > 507,gifts/gifts-under-100/for-him,for-him,,,,
508,ZIP-AROUND,MEN > WALLETS > ZIP-AROUND,365 > 497 > 508,men/wallets/zip-around,zip-around,,,,
509,PASSPORT & TRAVEL CASES,MEN > ACCESSORIES > PASSPORT & TRAVEL CASES,365 > 395 > 509,men/accessories/passport-travel-cases,passport-travel-cases,,,,
510,TIES,MEN > ACCESSORIES > TIES,365 > 395 > 510,men/accessories/ties,ties,,,,
511,SHOES,SHOES,511,shoes,shoes,,,,
512,FLATS,SHOES > FLATS,511 > 512,shoes/flats,flats,,,,
513,SHOES,WOMEN > SHOES,374 > 513,women/shoes,shoes,,,,
514,FLATS,WOMEN > SHOES > FLATS,374 > 513 > 514,women/shoes/flats,flats,,,,
515,SHOES,SALE > SHOES,368 > 515,sale/shoes,shoes,,,,
516,SNEAKERS,WOMEN > SHOES > SNEAKERS,374 > 513 > 516,women/shoes/sneakers,sneakers,,,,
517,SNEAKERS,SHOES > SNEAKERS,511 > 517,shoes/sneakers,sneakers,,,,
518,BOOTS & ANKLE BOOTS,SHOES > BOOTS & ANKLE BOOTS,511 > 518,shoes/boots-ankle-boots,boots-ankle-boots,,,,
519,BOOTS & ANKLE BOOTS,WOMEN > SHOES > BOOTS & ANKLE BOOTS,374 > 513 > 519,women/shoes/boots-ankle-boots,boots-ankle-boots,,,,
520,RAIN & COLD WEATHER,SHOES > RAIN & COLD WEATHER,511 > 520,shoes/rain-cold-weather,rain-cold-weather,,,,
521,RAIN & COLD WEATHER,WOMEN > SHOES > RAIN & COLD WEATHER,374 > 513 > 521,women/shoes/rain-cold-weather,rain-cold-weather,,,,
522,PUMPS & HEELS,WOMEN > SHOES > PUMPS & HEELS,374 > 513 > 522,women/shoes/pumps-heels,pumps-heels,,,,
523,PUMPS & HEELS,SHOES > PUMPS & HEELS,511 > 523,shoes/pumps-heels,pumps-heels,,,,
525,WEDGES,SHOES > WEDGES,511 > 525,shoes/wedges,wedges,,,,
526,WEDGES,WOMEN > SHOES > WEDGES,374 > 513 > 526,women/shoes/wedges,wedges,,,,
529,EVENING & NIGHT OUT,SHOES > EVENING & NIGHT OUT,511 > 529,shoes/evening-night-out,evening-night-out,,,,
530,EVENING & NIGHT OUT,WOMEN > SHOES > EVENING & NIGHT OUT,374 > 513 > 530,women/shoes/evening-night-out,evening-night-out,,,,
531,SANDALS,WOMEN > SHOES > SANDALS,374 > 513 > 531,women/shoes/sandals,sandals,,,,
532,SANDALS,SHOES > SANDALS,511 > 532,shoes/sandals,sandals,,,,
533,NEW ARRIVALS,SHOES > NEW ARRIVALS,511 > 533,shoes/new-arrivals,new-arrivals,,,,
534,NEW ARRIVALS,WOMEN > SHOES > NEW ARRIVALS,374 > 513 > 534,women/shoes/new-arrivals,new-arrivals,,,,
547,ANKLE BOOTS,SALE > SHOES > ANKLE BOOTS,368 > 515 > 547,sale/shoes/ankle-boots,ankle-boots,,,,
548,DRESSES,COLLECTION > CLOTHING > DRESSES,377 > 378 > 548,collection/clothing/dresses,dresses,,,,
549,SHOES,MEN > SHOES,365 > 549,men/shoes,shoes,,,,
550,JUMPSUITS,COLLECTION > CLOTHING > JUMPSUITS,377 > 378 > 550,collection/clothing/jumpsuits,jumpsuits,,,,
551,GOWNS,COLLECTION > CLOTHING > GOWNS,377 > 378 > 551,collection/clothing/gowns,gowns,,,,
554,SHOES,COLLECTION > SHOES,377 > 554,collection/shoes,shoes,,,,
555,SANDALS,COLLECTION > SHOES > SANDALS,377 > 554 > 555,collection/shoes/sandals,sandals,,,,
557,EVENING,COLLECTION > SHOES > EVENING,377 > 554 > 557,collection/shoes/evening,evening,,,,
558,SNEAKERS,COLLECTION > SHOES > SNEAKERS,377 > 554 > 558,collection/shoes/sneakers,sneakers,,,,
559,FRAGRANCE,WOMEN > ACCESSORIES > FRAGRANCE,374 > 389 > 559,women/accessories/fragrance,fragrance,,,,
560,BEAUTY,WOMEN > ACCESSORIES > FRAGRANCE > BEAUTY,374 > 389 > 559 > 560,women/accessories/fragrance/beauty,beauty,,,,
562,SWEATERS,COLLECTION > CLOTHING > SWEATERS,377 > 378 > 562,collection/clothing/sweaters,sweaters,,,,
563,CLOTHING,WOMEN > CLOTHING,374 > 563,women/clothing,clothing,,,,
564,JACKETS & OUTERWEAR,WOMEN > CLOTHING > JACKETS & OUTERWEAR,374 > 563 > 564,women/clothing/jackets-outerwear,jackets-outerwear,,,,
565,JACKETS & OUTERWEAR,COLLECTION > CLOTHING > JACKETS & OUTERWEAR,377 > 378 > 565,collection/clothing/jackets-outerwear,jackets-outerwear,,,,
566,JACKETS & OUTERWEAR,MEN > CLOTHING > JACKETS & OUTERWEAR,365 > 366 > 566,men/clothing/jackets-outerwear,jackets-outerwear,,,,
568,PANTS & DENIM,MEN > CLOTHING > PANTS & DENIM,365 > 366 > 568,men/clothing/pants-denim,pants-denim,,,,
569,DENIM,MEN > CLOTHING > DENIM,365 > 366 > 569,men/clothing/denim,denim,,,,
570,T-SHIRTS & POLOS,MEN > CLOTHING > T-SHIRTS & POLOS,365 > 366 > 570,men/clothing/t-shirts-polos,t-shirts-polos,,,,
571,SWEATERS & HOODIES,MEN > CLOTHING > SWEATERS & HOODIES,365 > 366 > 571,men/clothing/sweaters-hoodies,sweaters-hoodies,,,,
572,SUITS & BLAZERS,MEN > CLOTHING > SUITS & BLAZERS,365 > 366 > 572,men/clothing/suits-blazers,suits-blazers,,,,
573,SHORTS & SWIM,MEN > CLOTHING > SHORTS & SWIM,365 > 366 > 573,men/clothing/shorts-swim,shorts-swim,,,,
574,SWIM,MEN > CLOTHING > SWIM,365 > 366 > 574,men/clothing/swim,swim,,,,
575,EYEWEAR,EYEWEAR,,eyewear,eyewear,,,,
576,EYEWEAR,WOMEN > ACCESSORIES > EYEWEAR,374 > 389 > 576,women/accessories/eyewear,eyewear,,,,
577,WOMEN,EYEWEAR > WOMEN,575 > 577,eyewear/women,women,,,,
578,PANTS,WOMEN > CLOTHING > PANTS,374 > 563 > 578,women/clothing/pants,pants,,,,
579,DRESSES,WOMEN > CLOTHING > DRESSES,374 > 563 > 579,women/clothing/dresses,dresses,,,,
581,SKIRTS & SHORTS,WOMEN > CLOTHING > SKIRTS & SHORTS,374 > 563 > 581,women/clothing/skirts-shorts,skirts-shorts,,,,
582,TOPS,WOMEN > CLOTHING > TOPS,374 > 563 > 582,women/clothing/tops,tops,,,,
583,SWEATERS,WOMEN > CLOTHING > SWEATERS,374 > 563 > 583,women/clothing/sweaters,sweaters,,,,
584,DENIM,WOMEN > CLOTHING > DENIM,374 > 563 > 584,women/clothing/denim,denim,,,,
585,ACTIVEWEAR,WOMEN > CLOTHING > ACTIVEWEAR,374 > 563 > 585,women/clothing/activewear,activewear,,,,
588,MEN,EYEWEAR > MEN,575 > 588,eyewear/men,men,,,,
589,SUNGLASSES,MEN > ACCESSORIES > SUNGLASSES,365 > 395 > 589,men/accessories/sunglasses,sunglasses,,,,
590,OPTICALS,EYEWEAR > OPTICALS,575 > 590,eyewear/opticals,opticals,,,,
591,WATCHES,WATCHES,591,watches,watches,,,,
592,WOMEN,WATCHES > WOMEN,591 > 592,watches/women,women,,,,
593,GOLD-TONE,WATCHES > WOMEN > GOLD-TONE,591 > 592 > 593,watches/women/gold-tone,gold-tone,,,,
594,WATCHES,SALE > WATCHES,368 > 594,sale/watches,watches,,,,
595,WATCHES,WOMEN > WATCHES,374 > 595,women/watches,watches,,,,
596,GOLD-TONE,WOMEN > WATCHES > GOLD-TONE,374 > 595 > 596,women/watches/gold-tone,gold-tone,,,,
597,LEATHER,WOMEN > WATCHES > LEATHER,374 > 595 > 597,women/watches/leather,leather,,,,
598,LEATHER,WATCHES > WOMEN > LEATHER,591 > 592 > 598,watches/women/leather,leather,,,,
599,ROSE GOLD-TONE,WATCHES > WOMEN > ROSE GOLD-TONE,591 > 592 > 599,watches/women/rose-gold-tone,rose-gold-tone,,,,
600,ROSE GOLD-TONE,WOMEN > WATCHES > ROSE GOLD-TONE,374 > 595 > 600,women/watches/rose-gold-tone,rose-gold-tone,,,,
603,BLACK,WATCHES > WOMEN > BLACK,591 > 592 > 603,watches/women/black,black,,,,
604,BLACK,WOMEN > WATCHES > BLACK,374 > 595 > 604,women/watches/black,black,,,,
605,SILVER-TONE,WATCHES > WOMEN > SILVER-TONE,591 > 592 > 605,watches/women/silver-tone,silver-tone,,,,
606,SILVER-TONE,WOMEN > WATCHES > SILVER-TONE,374 > 595 > 606,women/watches/silver-tone,silver-tone,,,,
607,NEW ARRIVALS,WOMEN > WATCHES > NEW ARRIVALS,374 > 595 > 607,women/watches/new-arrivals,new-arrivals,,,,
611,JEWELRY,WOMEN > ACCESSORIES > JEWELRY,374 > 389 > 611,women/accessories/jewelry,jewelry,,,,
612,FOR HER,GIFTS > GIFT SETS > FOR HER,413 > 503 > 612,gifts/gift-sets/for-her,for-her,,,,
615,JEWELRY,WOMEN > JEWELRY,374 > 615,women/jewelry,jewelry,,,,
616,GIFT SETS,WOMEN > JEWELRY > GIFT SETS,374 > 615 > 616,women/jewelry/gift-sets,gift-sets,,,,
617,SWIM,COLLECTION > CLOTHING > SWIM,377 > 378 > 617,collection/clothing/swim,swim,,,,
618,MEN,WATCHES > MEN,591 > 618,watches/men,men,,,,
619,SILVER-TONE,WATCHES > MEN > SILVER-TONE,591 > 618 > 619,watches/men/silver-tone,silver-tone,,,,
620,WATCH ENGRAVING,GIFTS > GIFT SERVICES > WATCH ENGRAVING,413 > 414 > 620,gifts/gift-services/watch-engraving,watch-engraving,,,,
621,WATCHES,MEN > WATCHES,365 > 621,men/watches,watches,,,,
622,SILVER-TONE,MEN > WATCHES > SILVER-TONE,365 > 621 > 622,men/watches/silver-tone,silver-tone,,,,
623,GOLD-TONE,MEN > WATCHES > GOLD-TONE,365 > 621 > 623,men/watches/gold-tone,gold-tone,,,,
624,GOLD-TONE,WATCHES > MEN > GOLD-TONE,591 > 618 > 624,watches/men/gold-tone,gold-tone,,,,
625,BRACELETS,WOMEN > JEWELRY > BRACELETS,374 > 615 > 625,women/jewelry/bracelets,bracelets,,,,
626,BRACELETS,WOMEN > ACCESSORIES > JEWELRY > BRACELETS,374 > 389 > 611 > 626,women/accessories/jewelry/bracelets,bracelets,,,,
628,GIFT SETS,GIFTS > FOR HER > GIFT SETS,413 > 427 > 628,gifts/for-her/gift-sets,gift-sets,,,,
629,ROSE GOLD-TONE,WATCHES > MEN > ROSE GOLD-TONE,591 > 618 > 629,watches/men/rose-gold-tone,rose-gold-tone,,,,
630,ROSE GOLD-TONE,MEN > WATCHES > ROSE GOLD-TONE,365 > 621 > 630,men/watches/rose-gold-tone,rose-gold-tone,,,,
631,BLACK,WATCHES > MEN > BLACK,591 > 618 > 631,watches/men/black,black,,,,
632,BLACK,MEN > WATCHES > BLACK,365 > 621 > 632,men/watches/black,black,,,,
634,WATCH HUNGER STOP,WATCHES > WATCH HUNGER STOP,591 > 634,watches/watch-hunger-stop,watch-hunger-stop,,,,
635,LEATHER,MEN > WATCHES > LEATHER,365 > 621 > 635,men/watches/leather,leather,,,,
636,LEATHER,WATCHES > MEN > LEATHER,591 > 618 > 636,watches/men/leather,leather,,,,
638,ACTIVITY TRACKERS,WOMEN > JEWELRY > ACTIVITY TRACKERS,374 > 615 > 638,women/jewelry/activity-trackers,activity-trackers,,,,
644,EARRINGS,WOMEN > ACCESSORIES > JEWELRY > EARRINGS,374 > 389 > 611 > 644,women/accessories/jewelry/earrings,earrings,,,,
645,EARRINGS,WOMEN > JEWELRY > EARRINGS,374 > 615 > 645,women/jewelry/earrings,earrings,,,,
646,NEW ARRIVALS,WOMEN > ACCESSORIES > JEWELRY > NEW ARRIVALS,374 > 389 > 611 > 646,women/accessories/jewelry/new-arrivals,new-arrivals,,,,
648,NECKLACES,WOMEN > ACCESSORIES > JEWELRY > NECKLACES,374 > 389 > 611 > 648,women/accessories/jewelry/necklaces,necklaces,,,,
649,NECKLACES,WOMEN > JEWELRY > NECKLACES,374 > 615 > 649,women/jewelry/necklaces,necklaces,,,,
650,RINGS,WOMEN > JEWELRY > RINGS,374 > 615 > 650,women/jewelry/rings,rings,,,,
651,RINGS,WOMEN > ACCESSORIES > JEWELRY > RINGS,374 > 389 > 611 > 651,women/accessories/jewelry/rings,rings,,,,
653,EXCLUSIVELY OURS,WOMEN > ACCESSORIES > JEWELRY > EXCLUSIVELY OURS,374 > 389 > 611 > 653,women/accessories/jewelry/exclusively-ours,exclusively-ours,,,,
655,SMARTWATCHES,MEN > WATCHES > SMARTWATCHES,365 > 621 > 655,men/watches/smartwatches,smartwatches,,,,
657,SMARTWATCHES,WATCHES > MEN > SMARTWATCHES,591 > 618 > 657,watches/men/smartwatches,smartwatches,,,,
658,SMARTWATCHES,WOMEN > WATCHES > SMARTWATCHES,374 > 595 > 658,women/watches/smartwatches,smartwatches,,,,
659,SMARTWATCHES,WATCHES > WOMEN > SMARTWATCHES,591 > 592 > 659,watches/women/smartwatches,smartwatches,,,,
662,SWIM,WOMEN > CLOTHING > SWIM,374 > 563 > 662,women/clothing/swim,swim,,,,
